name,version,latestVersion,repository,published,publisher,size,license,isProd,isDev,isOptional,isPeer,isBundled,parents
"@cocoa-discord/turborepo","0.0.0","-","-","-","-","-","-",false,false,false,false,false,""
"@algolia/autocomplete-core","1.7.1","-","-","-","-","-","-",false,false,false,false,false,"@docsearch/react@3.2.1"
"@algolia/autocomplete-preset-algolia","1.7.1","-","-","-","-","-","-",false,false,false,false,false,"@docsearch/react@3.2.1"
"@algolia/autocomplete-shared","1.7.1","-","-","-","-","-","-",false,false,false,false,false,"@algolia/autocomplete-core@1.7.1,@algolia/autocomplete-preset-algolia@1.7.1"
"@algolia/cache-browser-local-storage","4.14.2","-","-","-","-","-","-",false,false,false,false,false,"algoliasearch@4.14.2"
"@algolia/cache-common","4.14.2","-","-","-","-","-","-",false,false,false,false,false,"@algolia/cache-browser-local-storage@4.14.2,@algolia/cache-in-memory@4.14.2,@algolia/transporter@4.14.2,algoliasearch@4.14.2"
"@algolia/cache-in-memory","4.14.2","-","-","-","-","-","-",false,false,false,false,false,"algoliasearch@4.14.2"
"@algolia/client-account","4.14.2","-","-","-","-","-","-",false,false,false,false,false,"algoliasearch@4.14.2"
"@algolia/client-analytics","4.14.2","-","-","-","-","-","-",false,false,false,false,false,"algoliasearch@4.14.2"
"@algolia/client-common","4.14.2","-","-","-","-","-","-",false,false,false,false,false,"@algolia/client-account@4.14.2,@algolia/client-analytics@4.14.2,@algolia/client-personalization@4.14.2,@algolia/client-search@4.14.2,algoliasearch@4.14.2"
"@algolia/client-personalization","4.14.2","-","-","-","-","-","-",false,false,false,false,false,"algoliasearch@4.14.2"
"@algolia/client-search","4.14.2","-","-","-","-","-","-",false,false,false,false,false,"@algolia/autocomplete-preset-algolia@1.7.1,@algolia/client-account@4.14.2,@algolia/client-analytics@4.14.2,algoliasearch@4.14.2,@algolia/autocomplete-preset-algolia@1.7.1"
"@algolia/logger-common","4.14.2","-","-","-","-","-","-",false,false,false,false,false,"@algolia/logger-console@4.14.2,@algolia/transporter@4.14.2,algoliasearch@4.14.2"
"@algolia/logger-console","4.14.2","-","-","-","-","-","-",false,false,false,false,false,"algoliasearch@4.14.2"
"@algolia/requester-browser-xhr","4.14.2","-","-","-","-","-","-",false,false,false,false,false,"algoliasearch@4.14.2"
"@algolia/requester-common","4.14.2","-","-","-","-","-","-",false,false,false,false,false,"@algolia/client-analytics@4.14.2,@algolia/client-common@4.14.2,@algolia/client-personalization@4.14.2,@algolia/client-search@4.14.2,@algolia/requester-browser-xhr@4.14.2,@algolia/requester-node-http@4.14.2,@algolia/transporter@4.14.2,algoliasearch@4.14.2"
"@algolia/requester-node-http","4.14.2","-","-","-","-","-","-",false,false,false,false,false,"algoliasearch@4.14.2"
"@algolia/transporter","4.14.2","-","-","-","-","-","-",false,false,false,false,false,"@algolia/client-account@4.14.2,@algolia/client-analytics@4.14.2,@algolia/client-common@4.14.2,@algolia/client-personalization@4.14.2,@algolia/client-search@4.14.2,algoliasearch@4.14.2"
"@ampproject/remapping","2.2.0","-","-","-","-","-","-",false,false,false,false,false,"@babel/core@7.19.3"
"@babel/code-frame","7.18.6","-","-","-","-","-","-",false,false,false,false,false,"@babel/core@7.19.3,@babel/template@7.18.10,@babel/traverse@7.19.3"
"@babel/compat-data","7.19.3","-","-","-","-","-","-",false,false,false,false,false,"@babel/helper-compilation-targets@7.19.3"
"@babel/core","7.17.8","-","-","-","-","-","-",false,false,false,false,false,"@babel/helper-compilation-targets@7.19.3,@trivago/prettier-plugin-sort-imports@3.3.0,@babel/helper-compilation-targets@7.19.3,@babel/helper-create-class-features-plugin@7.19.0,@babel/plugin-syntax-import-meta@7.10.4,@babel/plugin-syntax-jsx@7.18.6,@babel/plugin-syntax-typescript@7.18.6,@babel/plugin-transform-typescript@7.19.3"
"@babel/core","7.19.3","-","-","-","-","-","-",false,false,false,false,false,"@babel/helper-compilation-targets@7.19.3,@babel/helper-create-class-features-plugin@7.19.0,@babel/plugin-syntax-import-meta@7.10.4,@babel/plugin-syntax-jsx@7.18.6,@babel/plugin-syntax-typescript@7.18.6,@babel/plugin-transform-typescript@7.19.3,@vitejs/plugin-vue-jsx@2.0.1"
"@babel/generator","7.17.7","-","-","-","-","-","-",false,false,false,false,false,"@trivago/prettier-plugin-sort-imports@3.3.0"
"@babel/generator","7.19.3","-","-","-","-","-","-",false,false,false,false,false,"@babel/core@7.19.3,@babel/traverse@7.19.3"
"@babel/helper-annotate-as-pure","7.18.6","-","-","-","-","-","-",false,false,false,false,false,"@babel/helper-create-class-features-plugin@7.19.0"
"@babel/helper-compilation-targets","7.19.3","-","-","-","-","-","-",false,false,false,false,false,"@babel/core@7.19.3"
"@babel/helper-create-class-features-plugin","7.19.0","-","-","-","-","-","-",false,false,false,false,false,"@babel/plugin-transform-typescript@7.19.3"
"@babel/helper-environment-visitor","7.18.9","-","-","-","-","-","-",false,false,false,false,false,"@babel/helper-create-class-features-plugin@7.19.0,@babel/helper-module-transforms@7.19.0,@babel/helper-replace-supers@7.19.1,@babel/traverse@7.19.3"
"@babel/helper-function-name","7.19.0","-","-","-","-","-","-",false,false,false,false,false,"@babel/helper-create-class-features-plugin@7.19.0,@babel/traverse@7.19.3"
"@babel/helper-hoist-variables","7.18.6","-","-","-","-","-","-",false,false,false,false,false,"@babel/traverse@7.19.3"
"@babel/helper-member-expression-to-functions","7.18.9","-","-","-","-","-","-",false,false,false,false,false,"@babel/helper-create-class-features-plugin@7.19.0,@babel/helper-replace-supers@7.19.1"
"@babel/helper-module-imports","7.18.6","-","-","-","-","-","-",false,false,false,false,false,"@babel/helper-module-transforms@7.19.0,@vue/babel-plugin-jsx@1.1.1"
"@babel/helper-module-transforms","7.19.0","-","-","-","-","-","-",false,false,false,false,false,"@babel/core@7.19.3"
"@babel/helper-optimise-call-expression","7.18.6","-","-","-","-","-","-",false,false,false,false,false,"@babel/helper-create-class-features-plugin@7.19.0,@babel/helper-replace-supers@7.19.1"
"@babel/helper-plugin-utils","7.19.0","-","-","-","-","-","-",false,false,false,false,false,"@babel/plugin-syntax-import-meta@7.10.4,@babel/plugin-syntax-jsx@7.18.6,@babel/plugin-syntax-typescript@7.18.6,@babel/plugin-transform-typescript@7.19.3"
"@babel/helper-replace-supers","7.19.1","-","-","-","-","-","-",false,false,false,false,false,"@babel/helper-create-class-features-plugin@7.19.0"
"@babel/helper-simple-access","7.18.6","-","-","-","-","-","-",false,false,false,false,false,"@babel/helper-module-transforms@7.19.0"
"@babel/helper-split-export-declaration","7.18.6","-","-","-","-","-","-",false,false,false,false,false,"@babel/helper-create-class-features-plugin@7.19.0,@babel/helper-module-transforms@7.19.0,@babel/traverse@7.19.3"
"@babel/helper-string-parser","7.18.10","-","-","-","-","-","-",false,false,false,false,false,"@babel/types@7.19.3"
"@babel/helper-validator-identifier","7.19.1","-","-","-","-","-","-",false,false,false,false,false,"@babel/helper-module-transforms@7.19.0,@babel/highlight@7.18.6,@babel/types@7.19.3"
"@babel/helper-validator-option","7.18.6","-","-","-","-","-","-",false,false,false,false,false,"@babel/helper-compilation-targets@7.19.3"
"@babel/helpers","7.19.0","-","-","-","-","-","-",false,false,false,false,false,"@babel/core@7.19.3"
"@babel/highlight","7.18.6","-","-","-","-","-","-",false,false,false,false,false,"@babel/code-frame@7.18.6"
"@babel/parser","7.17.8","-","-","-","-","-","-",false,false,false,false,false,"@trivago/prettier-plugin-sort-imports@3.3.0"
"@babel/parser","7.19.3","-","-","-","-","-","-",false,false,false,false,false,"@babel/core@7.19.3,@babel/template@7.18.10,@babel/traverse@7.19.3,@vue/compiler-core@3.2.40,@vue/compiler-sfc@3.2.40,@vue/reactivity-transform@3.2.40"
"@babel/plugin-syntax-import-meta","7.10.4","-","-","-","-","-","-",false,false,false,false,false,"@vitejs/plugin-vue-jsx@2.0.1"
"@babel/plugin-syntax-jsx","7.18.6","-","-","-","-","-","-",false,false,false,false,false,"@vue/babel-plugin-jsx@1.1.1"
"@babel/plugin-syntax-typescript","7.18.6","-","-","-","-","-","-",false,false,false,false,false,"@babel/plugin-transform-typescript@7.19.3"
"@babel/plugin-transform-typescript","7.19.3","-","-","-","-","-","-",false,false,false,false,false,"@vitejs/plugin-vue-jsx@2.0.1"
"@babel/template","7.18.10","-","-","-","-","-","-",false,false,false,false,false,"@babel/core@7.19.3,@babel/helper-function-name@7.19.0,@babel/helper-module-transforms@7.19.0,@babel/helpers@7.19.0,@vue/babel-plugin-jsx@1.1.1"
"@babel/traverse","7.17.3","-","-","-","-","-","-",false,false,false,false,false,"@trivago/prettier-plugin-sort-imports@3.3.0"
"@babel/traverse","7.19.3","-","-","-","-","-","-",false,false,false,false,false,"@babel/core@7.19.3,@babel/helper-module-transforms@7.19.0,@babel/helper-replace-supers@7.19.1,@babel/helpers@7.19.0,@vue/babel-plugin-jsx@1.1.1"
"@babel/types","7.17.0","-","-","-","-","-","-",false,false,false,false,false,"@trivago/prettier-plugin-sort-imports@3.3.0"
"@babel/types","7.19.3","-","-","-","-","-","-",false,false,false,false,false,"@babel/core@7.19.3,@babel/generator@7.19.3,@babel/helper-annotate-as-pure@7.18.6,@babel/helper-function-name@7.19.0,@babel/helper-hoist-variables@7.18.6,@babel/helper-member-expression-to-functions@7.18.9,@babel/helper-module-imports@7.18.6,@babel/helper-module-transforms@7.19.0,@babel/helper-optimise-call-expression@7.18.6,@babel/helper-replace-supers@7.19.1,@babel/helper-simple-access@7.18.6,@babel/helper-split-export-declaration@7.18.6,@babel/helpers@7.19.0,@babel/parser@7.19.3,@babel/template@7.18.10,@babel/traverse@7.19.3,@vue/babel-plugin-jsx@1.1.1"
"@bcoe/v8-coverage","0.2.3","-","-","-","-","-","-",false,false,false,false,false,"c8@7.12.0"
"@cspotcode/source-map-support","0.8.1","-","-","-","-","-","-",false,false,false,false,false,"ts-node@10.9.1"
"@discordjs/builders","1.2.0","-","-","-","-","-","-",false,false,false,false,false,"cocoa-discord-utils@2.3.0,discord.js@14.5.0"
"@discordjs/collection","1.1.0","-","-","-","-","-","-",false,false,false,false,false,"@discordjs/rest@1.2.0,discord.js@14.5.0"
"@discordjs/rest","1.2.0","-","-","-","-","-","-",false,false,false,false,false,"discord.js@14.5.0"
"@docsearch/css","3.2.1","-","-","-","-","-","-",false,false,false,false,false,"@docsearch/react@3.2.1,vitepress@1.0.0-alpha.19"
"@docsearch/js","3.2.1","-","-","-","-","-","-",false,false,false,false,false,"vitepress@1.0.0-alpha.19"
"@docsearch/react","3.2.1","-","-","-","-","-","-",false,false,false,false,false,"@docsearch/js@3.2.1"
"@esbuild/android-arm","0.15.10","-","-","-","-","-","-",false,true,true,false,false,"esbuild@0.15.10"
"@esbuild/linux-loong64","0.15.10","-","-","-","-","-","-",false,true,true,false,false,"esbuild@0.15.10"
"@eslint/eslintrc","1.3.2","-","-","-","-","-","-",false,false,false,false,false,"eslint@8.24.0"
"@gar/promisify","1.1.3","-","-","-","-","-","-",false,false,false,false,false,"@npmcli/fs@2.1.2"
"@humanwhocodes/config-array","0.10.7","-","-","-","-","-","-",false,false,false,false,false,"eslint@8.24.0"
"@humanwhocodes/gitignore-to-minimatch","1.0.2","-","-","-","-","-","-",false,false,false,false,false,"eslint@8.24.0"
"@humanwhocodes/module-importer","1.0.1","-","-","-","-","-","-",false,false,false,false,false,"eslint@8.24.0"
"@humanwhocodes/object-schema","1.2.1","-","-","-","-","-","-",false,false,false,false,false,"@humanwhocodes/config-array@0.10.7"
"@istanbuljs/schema","0.1.3","-","-","-","-","-","-",false,false,false,false,false,"c8@7.12.0,test-exclude@6.0.0"
"@jridgewell/gen-mapping","0.1.1","-","-","-","-","-","-",false,false,false,false,false,"@ampproject/remapping@2.2.0"
"@jridgewell/gen-mapping","0.3.2","-","-","-","-","-","-",false,false,false,false,false,"@babel/generator@7.19.3"
"@jridgewell/resolve-uri","3.1.0","-","-","-","-","-","-",false,false,false,false,false,"@jridgewell/trace-mapping@0.3.9"
"@jridgewell/set-array","1.1.2","-","-","-","-","-","-",false,false,false,false,false,"@jridgewell/gen-mapping@0.3.2"
"@jridgewell/sourcemap-codec","1.4.14","-","-","-","-","-","-",false,false,false,false,false,"@jridgewell/gen-mapping@0.3.2,@jridgewell/trace-mapping@0.3.9"
"@jridgewell/trace-mapping","0.3.15","-","-","-","-","-","-",false,false,false,false,false,"@ampproject/remapping@2.2.0,@jridgewell/gen-mapping@0.3.2,v8-to-istanbul@9.0.1"
"@jridgewell/trace-mapping","0.3.9","-","-","-","-","-","-",false,false,false,false,false,"@cspotcode/source-map-support@0.8.1"
"@nodelib/fs.scandir","2.1.5","-","-","-","-","-","-",false,false,false,false,false,"@nodelib/fs.walk@1.2.8"
"@nodelib/fs.stat","2.0.5","-","-","-","-","-","-",false,false,false,false,false,"@nodelib/fs.scandir@2.1.5,fast-glob@3.2.12"
"@nodelib/fs.walk","1.2.8","-","-","-","-","-","-",false,false,false,false,false,"fast-glob@3.2.12"
"@npmcli/fs","2.1.2","-","-","-","-","-","-",false,false,false,false,false,"cacache@16.1.3"
"@npmcli/git","3.0.2","-","-","-","-","-","-",false,false,false,false,false,"pacote@13.6.2"
"@npmcli/installed-package-contents","1.0.7","-","-","-","-","-","-",false,false,false,false,false,"pacote@13.6.2"
"@npmcli/move-file","2.0.1","-","-","-","-","-","-",false,false,false,false,false,"cacache@16.1.3"
"@npmcli/node-gyp","2.0.0","-","-","-","-","-","-",false,false,false,false,false,"@npmcli/run-script@4.2.1"
"@npmcli/promise-spawn","3.0.0","-","-","-","-","-","-",false,false,false,false,false,"@npmcli/git@3.0.2,@npmcli/run-script@4.2.1,pacote@13.6.2"
"@npmcli/run-script","4.2.1","-","-","-","-","-","-",false,false,false,false,false,"pacote@13.6.2"
"@pnpm/network.ca-file","1.0.1","-","-","-","-","-","-",false,false,false,false,false,"@pnpm/npm-conf@1.0.5"
"@pnpm/npm-conf","1.0.5","-","-","-","-","-","-",false,false,false,false,false,"registry-auth-token@5.0.1"
"@sapphire/async-queue","1.5.0","-","-","-","-","-","-",false,false,false,false,false,"@discordjs/rest@1.2.0"
"@sapphire/shapeshift","3.7.0","-","-","-","-","-","-",false,false,false,false,false,"@discordjs/builders@1.2.0"
"@sapphire/snowflake","3.2.2","-","-","-","-","-","-",false,false,false,false,false,"@discordjs/rest@1.2.0,discord.js@14.5.0"
"@sindresorhus/is","5.3.0","-","-","-","-","-","-",false,false,false,false,false,"got@12.5.1"
"@sinonjs/commons","1.8.3","-","-","-","-","-","-",false,false,false,false,false,"@sinonjs/fake-timers@9.1.2,@sinonjs/samsam@6.1.1,nise@5.1.1,sinon@14.0.1"
"@sinonjs/fake-timers","9.1.2","-","-","-","-","-","-",false,false,false,false,false,"nise@5.1.1,sinon@14.0.1"
"@sinonjs/samsam","6.1.1","-","-","-","-","-","-",false,false,false,false,false,"sinon@14.0.1"
"@sinonjs/text-encoding","0.7.2","-","-","-","-","-","-",false,false,false,false,false,"nise@5.1.1"
"@szmarczak/http-timer","5.0.1","-","-","-","-","-","-",false,false,false,false,false,"got@12.5.1"
"@tokenizer/token","0.3.0","-","-","-","-","-","-",false,false,false,false,false,"strtok3@7.0.0,token-types@5.0.1"
"@tootallnate/once","2.0.0","-","-","-","-","-","-",false,false,false,false,false,"http-proxy-agent@5.0.0"
"@tsconfig/node10","1.0.9","-","-","-","-","-","-",false,false,false,false,false,"ts-node@10.9.1"
"@tsconfig/node12","1.0.11","-","-","-","-","-","-",false,false,false,false,false,"ts-node@10.9.1"
"@tsconfig/node14","1.0.3","-","-","-","-","-","-",false,false,false,false,false,"ts-node@10.9.1"
"@tsconfig/node16","1.0.3","-","-","-","-","-","-",false,false,false,false,false,"ts-node@10.9.1"
"@types/chai-subset","1.3.3","-","-","-","-","-","-",false,true,false,false,false,"vitest@0.24.0"
"@types/chai","4.3.3","-","-","-","-","-","-",false,true,false,false,false,"@types/chai-subset@1.3.3,vitest@0.24.0"
"@types/estree","1.0.0","-","-","-","-","-","-",false,false,false,false,false,"@types/eslint@8.4.6"
"@types/http-cache-semantics","4.0.1","-","-","-","-","-","-",false,false,false,false,false,"cacheable-request@10.2.1"
"@types/istanbul-lib-coverage","2.0.4","-","-","-","-","-","-",false,false,false,false,false,"v8-to-istanbul@9.0.1"
"@types/json-schema","7.0.11","-","-","-","-","-","-",false,false,false,false,false,"@types/eslint@8.4.6,@typescript-eslint/utils@5.39.0"
"@types/node","18.8.3","-","-","-","-","-","-",false,true,false,false,false,"@types/ws@8.5.3,ts-node@10.9.1,vitest@0.24.0,@vue/tsconfig@0.1.3,ts-node@10.9.1"
"@types/sinonjs__fake-timers","8.1.2","-","-","-","-","-","-",false,false,false,false,false,"@types/sinon@10.0.13"
"@types/web-bluetooth","0.0.15","-","-","-","-","-","-",false,false,false,false,false,"@vueuse/core@9.3.0"
"@types/ws","8.5.3","-","-","-","-","-","-",false,false,false,false,false,"discord.js@14.5.0"
"@typescript-eslint/eslint-plugin","5.39.0","-","-","-","-","-","-",false,false,false,false,false,"@vue/eslint-config-typescript@11.0.2"
"@typescript-eslint/parser","5.39.0","-","-","-","-","-","-",false,false,false,false,false,"@typescript-eslint/eslint-plugin@5.39.0,@vue/eslint-config-typescript@11.0.2,@typescript-eslint/eslint-plugin@5.39.0"
"@typescript-eslint/scope-manager","5.39.0","-","-","-","-","-","-",false,false,false,false,false,"@typescript-eslint/eslint-plugin@5.39.0,@typescript-eslint/parser@5.39.0,@typescript-eslint/utils@5.39.0"
"@typescript-eslint/type-utils","5.39.0","-","-","-","-","-","-",false,false,false,false,false,"@typescript-eslint/eslint-plugin@5.39.0"
"@typescript-eslint/types","5.39.0","-","-","-","-","-","-",false,false,false,false,false,"@typescript-eslint/parser@5.39.0,@typescript-eslint/scope-manager@5.39.0,@typescript-eslint/typescript-estree@5.39.0,@typescript-eslint/utils@5.39.0,@typescript-eslint/visitor-keys@5.39.0"
"@typescript-eslint/typescript-estree","5.39.0","-","-","-","-","-","-",false,false,false,false,false,"@typescript-eslint/parser@5.39.0,@typescript-eslint/type-utils@5.39.0,@typescript-eslint/utils@5.39.0"
"@typescript-eslint/utils","5.39.0","-","-","-","-","-","-",false,false,false,false,false,"@typescript-eslint/eslint-plugin@5.39.0,@typescript-eslint/type-utils@5.39.0"
"@typescript-eslint/visitor-keys","5.39.0","-","-","-","-","-","-",false,false,false,false,false,"@typescript-eslint/scope-manager@5.39.0,@typescript-eslint/typescript-estree@5.39.0"
"@vitejs/plugin-vue","3.1.2","-","-","-","-","-","-",false,false,false,false,false,"vitepress@1.0.0-alpha.19"
"@vue/babel-helper-vue-transform-on","1.0.2","-","-","-","-","-","-",false,false,false,false,false,"@vue/babel-plugin-jsx@1.1.1"
"@vue/babel-plugin-jsx","1.1.1","-","-","-","-","-","-",false,false,false,false,false,"@vitejs/plugin-vue-jsx@2.0.1"
"@vue/compiler-core","3.2.40","-","-","-","-","-","-",false,false,false,false,false,"@vue/compiler-dom@3.2.40,@vue/compiler-sfc@3.2.40,@vue/reactivity-transform@3.2.40"
"@vue/compiler-dom","3.2.40","-","-","-","-","-","-",false,false,false,false,false,"@vue/compiler-sfc@3.2.40,@vue/compiler-ssr@3.2.40,vue@3.2.40"
"@vue/compiler-sfc","3.2.40","-","-","-","-","-","-",false,false,false,false,false,"vue@3.2.40"
"@vue/compiler-ssr","3.2.40","-","-","-","-","-","-",false,false,false,false,false,"@vue/compiler-sfc@3.2.40,@vue/server-renderer@3.2.40"
"@vue/devtools-api","6.4.3","-","-","-","-","-","-",false,false,false,false,false,"vitepress@1.0.0-alpha.19"
"@vue/reactivity-transform","3.2.40","-","-","-","-","-","-",false,false,false,false,false,"@vue/compiler-sfc@3.2.40"
"@vue/reactivity","3.2.40","-","-","-","-","-","-",false,false,false,false,false,"@vue/runtime-core@3.2.40"
"@vue/runtime-core","3.2.40","-","-","-","-","-","-",false,false,false,false,false,"@vue/runtime-dom@3.2.40"
"@vue/runtime-dom","3.2.40","-","-","-","-","-","-",false,false,false,false,false,"vue@3.2.40"
"@vue/server-renderer","3.2.40","-","-","-","-","-","-",false,false,false,false,false,"vue@3.2.40"
"@vue/shared","3.2.40","-","-","-","-","-","-",false,false,false,false,false,"@vue/compiler-core@3.2.40,@vue/compiler-dom@3.2.40,@vue/compiler-sfc@3.2.40,@vue/compiler-ssr@3.2.40,@vue/reactivity-transform@3.2.40,@vue/reactivity@3.2.40,@vue/runtime-core@3.2.40,@vue/runtime-dom@3.2.40,@vue/server-renderer@3.2.40,vue@3.2.40"
"@vueuse/core","9.3.0","-","-","-","-","-","-",false,false,false,false,false,"vitepress@1.0.0-alpha.19"
"@vueuse/metadata","9.3.0","-","-","-","-","-","-",false,false,false,false,false,"@vueuse/core@9.3.0"
"@vueuse/shared","9.3.0","-","-","-","-","-","-",false,false,false,false,false,"@vueuse/core@9.3.0"
"abbrev","1.1.1","-","-","-","-","-","-",false,false,false,false,false,"nopt@6.0.0"
"acorn-jsx","5.3.2","-","-","-","-","-","-",false,false,false,false,false,"espree@9.4.0"
"acorn-node","1.8.2","-","-","-","-","-","-",false,false,false,false,false,"detective@5.2.1"
"acorn-walk","7.2.0","-","-","-","-","-","-",false,false,false,false,false,"acorn-node@1.8.2"
"acorn-walk","8.2.0","-","-","-","-","-","-",false,false,false,false,false,"ts-node@10.9.1"
"acorn","7.4.1","-","-","-","-","-","-",false,false,false,false,false,"acorn-node@1.8.2,acorn-jsx@5.3.2"
"acorn","8.8.0","-","-","-","-","-","-",false,true,false,false,false,"acorn-jsx@5.3.2,espree@9.4.0,strip-literal@0.4.2,ts-node@10.9.1"
"agent-base","6.0.2","-","-","-","-","-","-",false,false,false,false,false,"http-proxy-agent@5.0.0,https-proxy-agent@5.0.1,socks-proxy-agent@7.0.0"
"agentkeepalive","4.2.1","-","-","-","-","-","-",false,false,false,false,false,"make-fetch-happen@10.2.1"
"aggregate-error","3.1.0","-","-","-","-","-","-",false,false,false,false,false,"p-map@4.0.0"
"ajv","6.12.6","-","-","-","-","-","-",false,false,false,false,false,"@eslint/eslintrc@1.3.2,eslint@8.24.0"
"algoliasearch","4.14.2","-","-","-","-","-","-",false,false,false,false,false,"@algolia/autocomplete-preset-algolia@1.7.1,@docsearch/react@3.2.1,@algolia/autocomplete-preset-algolia@1.7.1"
"ansi-align","3.0.1","-","-","-","-","-","-",false,false,false,false,false,"boxen@7.0.0"
"ansi-regex","5.0.1","-","-","-","-","-","-",false,false,false,false,false,"strip-ansi@6.0.1"
"ansi-regex","6.0.1","-","-","-","-","-","-",false,false,false,false,false,"strip-ansi@7.0.1"
"ansi-styles","3.2.1","-","-","-","-","-","-",false,false,false,false,false,"chalk@2.4.2"
"ansi-styles","4.3.0","-","-","-","-","-","-",false,false,false,false,false,"chalk@4.1.2,wrap-ansi@7.0.0"
"ansi-styles","6.1.1","-","-","-","-","-","-",false,false,false,false,false,"wrap-ansi@8.0.1"
"anymatch","3.1.2","-","-","-","-","-","-",false,false,false,false,false,"chokidar@3.5.3"
"aproba","2.0.0","-","-","-","-","-","-",false,false,false,false,false,"gauge@4.0.4"
"are-we-there-yet","3.0.1","-","-","-","-","-","-",false,false,false,false,false,"npmlog@6.0.2"
"arg","4.1.3","-","-","-","-","-","-",false,false,false,false,false,"ts-node@10.9.1"
"arg","5.0.2","-","-","-","-","-","-",false,false,false,false,false,"tailwindcss@3.1.8"
"argparse","2.0.1","-","-","-","-","-","-",false,false,false,false,false,"js-yaml@4.1.0"
"array-union","2.1.0","-","-","-","-","-","-",false,false,false,false,false,"globby@11.1.0"
"assertion-error","1.1.0","-","-","-","-","-","-",false,true,false,false,false,"chai@4.3.6"
"balanced-match","1.0.2","-","-","-","-","-","-",false,false,false,false,false,"brace-expansion@2.0.1"
"binary-extensions","2.2.0","-","-","-","-","-","-",false,false,false,false,false,"is-binary-path@2.1.0"
"body-scroll-lock","4.0.0-beta.0","-","-","-","-","-","-",false,false,false,false,false,"vitepress@1.0.0-alpha.19"
"boolbase","1.0.0","-","-","-","-","-","-",false,false,false,false,false,"nth-check@2.1.1"
"boxen","7.0.0","-","-","-","-","-","-",false,false,false,false,false,"update-notifier@6.0.2"
"brace-expansion","1.1.11","-","-","-","-","-","-",false,false,false,false,false,"minimatch@3.1.2"
"brace-expansion","2.0.1","-","-","-","-","-","-",false,false,false,false,false,"minimatch@5.1.0"
"braces","3.0.2","-","-","-","-","-","-",false,false,false,false,false,"chokidar@3.5.3,micromatch@4.0.5"
"browserslist","4.21.4","-","-","-","-","-","-",false,false,false,false,false,"@babel/helper-compilation-targets@7.19.3,autoprefixer@10.4.12,update-browserslist-db@1.0.10,update-browserslist-db@1.0.10"
"buffer-from","1.1.2","-","-","-","-","-","-",false,false,false,false,false,"source-map-support@0.5.21"
"builtins","5.0.1","-","-","-","-","-","-",false,false,false,false,false,"validate-npm-package-name@4.0.0"
"busboy","1.6.0","-","-","-","-","-","-",false,false,false,false,false,"undici@5.11.0"
"c8","7.12.0","-","-","-","-","-","-",false,false,false,false,false,"@vitest/coverage-c8@0.24.0"
"cacache","16.1.3","-","-","-","-","-","-",false,false,false,false,false,"make-fetch-happen@10.2.1,pacote@13.6.2"
"cacheable-lookup","7.0.0","-","-","-","-","-","-",false,false,false,false,false,"got@12.5.1"
"cacheable-request","10.2.1","-","-","-","-","-","-",false,false,false,false,false,"got@12.5.1"
"callsites","3.1.0","-","-","-","-","-","-",false,false,false,false,false,"parent-module@1.0.1"
"camelcase-css","2.0.1","-","-","-","-","-","-",false,false,false,false,false,"postcss-js@4.0.0"
"camelcase","6.3.0","-","-","-","-","-","-",false,false,false,false,false,"@vue/babel-plugin-jsx@1.1.1"
"camelcase","7.0.0","-","-","-","-","-","-",false,false,false,false,false,"boxen@7.0.0"
"caniuse-lite","1.0.30001418","-","-","-","-","-","-",false,false,false,false,false,"autoprefixer@10.4.12,browserslist@4.21.4"
"chai","4.3.6","-","-","-","-","-","-",false,true,false,false,false,"vitest@0.24.0"
"chalk","2.4.2","-","-","-","-","-","-",false,false,false,false,false,"@babel/highlight@7.18.6"
"chalk","4.1.2","-","-","-","-","-","-",false,false,false,false,false,"cocoa-discord-utils@2.3.0,eslint@8.24.0"
"chalk","5.1.0","-","-","-","-","-","-",false,false,false,false,false,"boxen@7.0.0,npm-check-updates@16.3.8,update-notifier@6.0.2"
"check-error","1.0.2","-","-","-","-","-","-",false,true,false,false,false,"chai@4.3.6"
"chokidar","3.5.3","-","-","-","-","-","-",false,false,false,false,false,"tailwindcss@3.1.8"
"chownr","2.0.0","-","-","-","-","-","-",false,false,false,false,false,"cacache@16.1.3,pacote@13.6.2,tar@6.1.11"
"ci-info","3.4.0","-","-","-","-","-","-",false,false,false,false,false,"is-ci@3.0.1"
"clean-stack","2.2.0","-","-","-","-","-","-",false,false,false,false,false,"aggregate-error@3.1.0"
"cli-boxes","3.0.0","-","-","-","-","-","-",false,false,false,false,false,"boxen@7.0.0"
"cli-table","0.3.11","-","-","-","-","-","-",false,false,false,false,false,"npm-check-updates@16.3.8"
"cliui","7.0.4","-","-","-","-","-","-",false,false,false,false,false,"yargs@16.2.0"
"color-convert","1.9.3","-","-","-","-","-","-",false,false,false,false,false,"ansi-styles@3.2.1"
"color-convert","2.0.1","-","-","-","-","-","-",false,false,false,false,false,"ansi-styles@4.3.0"
"color-name","1.1.3","-","-","-","-","-","-",false,false,false,false,false,"color-convert@1.9.3"
"color-name","1.1.4","-","-","-","-","-","-",false,false,false,false,false,"color-convert@2.0.1,tailwindcss@3.1.8"
"color-support","1.1.3","-","-","-","-","-","-",false,false,false,false,false,"gauge@4.0.4"
"colors","1.0.3","-","-","-","-","-","-",false,false,false,false,false,"cli-table@0.3.11"
"commander","9.4.1","-","-","-","-","-","-",false,false,false,false,false,"cocoa-discord-utils@2.3.0,npm-check-updates@16.3.8"
"concat-map","0.0.1","-","-","-","-","-","-",false,false,false,false,false,"brace-expansion@1.1.11"
"config-chain","1.1.13","-","-","-","-","-","-",false,false,false,false,false,"@pnpm/npm-conf@1.0.5"
"configstore","6.0.0","-","-","-","-","-","-",false,false,false,false,false,"update-notifier@6.0.2"
"console-control-strings","1.1.0","-","-","-","-","-","-",false,false,false,false,false,"gauge@4.0.4,npmlog@6.0.2"
"convert-source-map","1.8.0","-","-","-","-","-","-",false,false,false,false,false,"@babel/core@7.19.3,v8-to-istanbul@9.0.1"
"create-require","1.1.1","-","-","-","-","-","-",false,false,false,false,false,"ts-node@10.9.1"
"cross-spawn","7.0.3","-","-","-","-","-","-",false,false,false,false,false,"eslint@8.24.0,foreground-child@2.0.0"
"crypto-random-string","4.0.0","-","-","-","-","-","-",false,false,false,false,false,"unique-string@3.0.0"
"cssesc","3.0.0","-","-","-","-","-","-",false,false,false,false,false,"postcss-selector-parser@6.0.10"
"csstype","2.6.21","-","-","-","-","-","-",false,false,false,false,false,"@vue/runtime-dom@3.2.40"
"debug","4.3.4","-","-","-","-","-","-",false,true,false,false,false,"@babel/core@7.19.3,@babel/traverse@7.19.3,@eslint/eslintrc@1.3.2,@humanwhocodes/config-array@0.10.7,@typescript-eslint/eslint-plugin@5.39.0,@typescript-eslint/parser@5.39.0,@typescript-eslint/type-utils@5.39.0,@typescript-eslint/typescript-estree@5.39.0,agent-base@6.0.2,agentkeepalive@4.2.1,eslint@8.24.0,http-proxy-agent@5.0.0,https-proxy-agent@5.0.1,rc-config-loader@4.1.0,socks-proxy-agent@7.0.0,vitest@0.24.0,vue-eslint-parser@9.1.0"
"decompress-response","6.0.0","-","-","-","-","-","-",false,false,false,false,false,"got@12.5.1"
"deep-eql","3.0.1","-","-","-","-","-","-",false,true,false,false,false,"chai@4.3.6"
"deep-extend","0.6.0","-","-","-","-","-","-",false,false,false,false,false,"rc@1.2.8"
"deep-is","0.1.4","-","-","-","-","-","-",false,false,false,false,false,"optionator@0.9.1"
"defer-to-connect","2.0.1","-","-","-","-","-","-",false,false,false,false,false,"@szmarczak/http-timer@5.0.1"
"defined","1.0.0","-","-","-","-","-","-",false,false,false,false,false,"detective@5.2.1"
"delegates","1.0.0","-","-","-","-","-","-",false,false,false,false,false,"are-we-there-yet@3.0.1"
"depd","1.1.2","-","-","-","-","-","-",false,false,false,false,false,"agentkeepalive@4.2.1"
"detective","5.2.1","-","-","-","-","-","-",false,false,false,false,false,"tailwindcss@3.1.8"
"didyoumean","1.2.2","-","-","-","-","-","-",false,false,false,false,false,"tailwindcss@3.1.8"
"diff","4.0.2","-","-","-","-","-","-",false,false,false,false,false,"ts-node@10.9.1"
"diff","5.1.0","-","-","-","-","-","-",false,false,false,false,false,"sinon@14.0.1"
"dir-glob","3.0.1","-","-","-","-","-","-",false,false,false,false,false,"globby@11.1.0"
"discord-api-types","0.37.12","-","-","-","-","-","-",false,false,false,false,false,"@discordjs/builders@1.2.0,@discordjs/rest@1.2.0,cocoa-discord-utils@2.3.0,discord.js@14.5.0"
"discord.js","14.5.0","-","-","-","-","-","-",false,false,false,false,false,"cocoa-discord-utils@2.3.0"
"dlv","1.1.3","-","-","-","-","-","-",false,false,false,false,false,"tailwindcss@3.1.8"
"doctrine","3.0.0","-","-","-","-","-","-",false,false,false,false,false,"eslint@8.24.0"
"dot-prop","6.0.1","-","-","-","-","-","-",false,false,false,false,false,"configstore@6.0.0"
"eastasianwidth","0.2.0","-","-","-","-","-","-",false,false,false,false,false,"string-width@5.1.2"
"electron-to-chromium","1.4.275","-","-","-","-","-","-",false,false,false,false,false,"browserslist@4.21.4"
"emoji-regex","8.0.0","-","-","-","-","-","-",false,false,false,false,false,"string-width@4.2.3"
"emoji-regex","9.2.2","-","-","-","-","-","-",false,false,false,false,false,"string-width@5.1.2"
"encoding","0.1.13","-","-","-","-","-","-",false,false,false,false,false,"minipass-fetch@2.1.2"
"env-paths","2.2.1","-","-","-","-","-","-",false,false,false,false,false,"node-gyp@9.2.0"
"err-code","2.0.3","-","-","-","-","-","-",false,false,false,false,false,"promise-retry@2.0.1"
"esbuild-android-64","0.15.10","-","-","-","-","-","-",false,true,true,false,false,"esbuild@0.15.10"
"esbuild-android-arm64","0.15.10","-","-","-","-","-","-",false,true,true,false,false,"esbuild@0.15.10"
"esbuild-darwin-64","0.15.10","-","-","-","-","-","-",false,true,true,false,false,"esbuild@0.15.10"
"esbuild-darwin-arm64","0.15.10","-","-","-","-","-","-",false,true,true,false,false,"esbuild@0.15.10"
"esbuild-freebsd-64","0.15.10","-","-","-","-","-","-",false,true,true,false,false,"esbuild@0.15.10"
"esbuild-freebsd-arm64","0.15.10","-","-","-","-","-","-",false,true,true,false,false,"esbuild@0.15.10"
"esbuild-linux-32","0.15.10","-","-","-","-","-","-",false,true,true,false,false,"esbuild@0.15.10"
"esbuild-linux-64","0.15.10","-","-","-","-","-","-",false,true,true,false,false,"esbuild@0.15.10"
"esbuild-linux-arm64","0.15.10","-","-","-","-","-","-",false,true,true,false,false,"esbuild@0.15.10"
"esbuild-linux-arm","0.15.10","-","-","-","-","-","-",false,true,true,false,false,"esbuild@0.15.10"
"esbuild-linux-mips64le","0.15.10","-","-","-","-","-","-",false,true,true,false,false,"esbuild@0.15.10"
"esbuild-linux-ppc64le","0.15.10","-","-","-","-","-","-",false,true,true,false,false,"esbuild@0.15.10"
"esbuild-linux-riscv64","0.15.10","-","-","-","-","-","-",false,true,true,false,false,"esbuild@0.15.10"
"esbuild-linux-s390x","0.15.10","-","-","-","-","-","-",false,true,true,false,false,"esbuild@0.15.10"
"esbuild-netbsd-64","0.15.10","-","-","-","-","-","-",false,true,true,false,false,"esbuild@0.15.10"
"esbuild-openbsd-64","0.15.10","-","-","-","-","-","-",false,true,true,false,false,"esbuild@0.15.10"
"esbuild-sunos-64","0.15.10","-","-","-","-","-","-",false,true,true,false,false,"esbuild@0.15.10"
"esbuild-windows-32","0.15.10","-","-","-","-","-","-",false,true,true,false,false,"esbuild@0.15.10"
"esbuild-windows-64","0.15.10","-","-","-","-","-","-",false,true,true,false,false,"esbuild@0.15.10"
"esbuild-windows-arm64","0.15.10","-","-","-","-","-","-",false,true,true,false,false,"esbuild@0.15.10"
"esbuild","0.15.10","-","-","-","-","-","-",false,true,false,false,false,"vite@3.1.6"
"escalade","3.1.1","-","-","-","-","-","-",false,false,false,false,false,"update-browserslist-db@1.0.10,yargs@16.2.0"
"escape-goat","4.0.0","-","-","-","-","-","-",false,false,false,false,false,"pupa@3.1.0"
"escape-string-regexp","1.0.5","-","-","-","-","-","-",false,false,false,false,false,"chalk@2.4.2"
"escape-string-regexp","4.0.0","-","-","-","-","-","-",false,false,false,false,false,"eslint@8.24.0"
"eslint-config-prettier","8.5.0","-","-","-","-","-","-",false,false,false,false,false,"@vue/eslint-config-prettier@7.0.0,eslint-plugin-prettier@4.2.1,eslint-plugin-prettier@4.2.1"
"eslint-plugin-prettier","4.2.1","-","-","-","-","-","-",false,false,false,false,false,"@vue/eslint-config-prettier@7.0.0"
"eslint-plugin-vue","9.6.0","-","-","-","-","-","-",false,false,false,false,false,"@vue/eslint-config-typescript@11.0.2,@vue/eslint-config-typescript@11.0.2"
"eslint-scope","5.1.1","-","-","-","-","-","-",false,false,false,false,false,"@typescript-eslint/utils@5.39.0"
"eslint-scope","7.1.1","-","-","-","-","-","-",false,false,false,false,false,"eslint@8.24.0,vue-eslint-parser@9.1.0"
"eslint-utils","3.0.0","-","-","-","-","-","-",false,false,false,false,false,"@typescript-eslint/utils@5.39.0,eslint-plugin-vue@9.6.0,eslint@8.24.0"
"eslint-visitor-keys","2.1.0","-","-","-","-","-","-",false,false,false,false,false,"eslint-utils@3.0.0"
"eslint-visitor-keys","3.3.0","-","-","-","-","-","-",false,false,false,false,false,"@typescript-eslint/visitor-keys@5.39.0,eslint@8.24.0,espree@9.4.0,vue-eslint-parser@9.1.0"
"eslint","8.24.0","-","-","-","-","-","-",false,false,false,false,false,"@typescript-eslint/eslint-plugin@5.39.0,@typescript-eslint/parser@5.39.0,@typescript-eslint/type-utils@5.39.0,@typescript-eslint/utils@5.39.0,@vue/eslint-config-prettier@7.0.0,@vue/eslint-config-typescript@11.0.2,eslint-config-prettier@8.5.0,eslint-plugin-prettier@4.2.1,eslint-plugin-vue@9.6.0,eslint-utils@3.0.0,vue-eslint-parser@9.1.0,@typescript-eslint/eslint-plugin@5.39.0,@typescript-eslint/parser@5.39.0,@typescript-eslint/type-utils@5.39.0,@typescript-eslint/utils@5.39.0,@vue/eslint-config-prettier@7.0.0,@vue/eslint-config-typescript@11.0.2,eslint-config-prettier@8.5.0,eslint-plugin-prettier@4.2.1,eslint-plugin-vue@9.6.0,eslint-utils@3.0.0,vue-eslint-parser@9.1.0"
"espree","9.4.0","-","-","-","-","-","-",false,false,false,false,false,"@eslint/eslintrc@1.3.2,eslint@8.24.0,vue-eslint-parser@9.1.0"
"esquery","1.4.0","-","-","-","-","-","-",false,false,false,false,false,"eslint@8.24.0,vue-eslint-parser@9.1.0"
"esrecurse","4.3.0","-","-","-","-","-","-",false,false,false,false,false,"eslint-scope@7.1.1"
"estraverse","4.3.0","-","-","-","-","-","-",false,false,false,false,false,"eslint-scope@5.1.1"
"estraverse","5.3.0","-","-","-","-","-","-",false,false,false,false,false,"eslint-scope@7.1.1,esquery@1.4.0,esrecurse@4.3.0"
"estree-walker","2.0.2","-","-","-","-","-","-",false,false,false,false,false,"@vue/compiler-core@3.2.40,@vue/compiler-sfc@3.2.40,@vue/reactivity-transform@3.2.40"
"esutils","2.0.3","-","-","-","-","-","-",false,false,false,false,false,"doctrine@3.0.0,eslint@8.24.0"
"fast-deep-equal","3.1.3","-","-","-","-","-","-",false,false,false,false,false,"@discordjs/builders@1.2.0,@sapphire/shapeshift@3.7.0,ajv@6.12.6,discord.js@14.5.0,eslint@8.24.0"
"fast-diff","1.2.0","-","-","-","-","-","-",false,false,false,false,false,"prettier-linter-helpers@1.0.0"
"fast-glob","3.2.12","-","-","-","-","-","-",false,false,false,false,false,"globby@11.1.0,tailwindcss@3.1.8"
"fast-json-stable-stringify","2.1.0","-","-","-","-","-","-",false,false,false,false,false,"ajv@6.12.6"
"fast-levenshtein","2.0.6","-","-","-","-","-","-",false,false,false,false,false,"optionator@0.9.1"
"fast-memoize","2.5.2","-","-","-","-","-","-",false,false,false,false,false,"npm-check-updates@16.3.8"
"fastq","1.13.0","-","-","-","-","-","-",false,false,false,false,false,"@nodelib/fs.walk@1.2.8"
"file-entry-cache","6.0.1","-","-","-","-","-","-",false,false,false,false,false,"eslint@8.24.0"
"file-type","18.0.0","-","-","-","-","-","-",false,false,false,false,false,"@discordjs/rest@1.2.0"
"fill-range","7.0.1","-","-","-","-","-","-",false,false,false,false,false,"braces@3.0.2"
"find-up","5.0.0","-","-","-","-","-","-",false,false,false,false,false,"c8@7.12.0,eslint@8.24.0,npm-check-updates@16.3.8"
"flat-cache","3.0.4","-","-","-","-","-","-",false,false,false,false,false,"file-entry-cache@6.0.1"
"flatted","3.2.7","-","-","-","-","-","-",false,false,false,false,false,"flat-cache@3.0.4"
"foreground-child","2.0.0","-","-","-","-","-","-",false,false,false,false,false,"c8@7.12.0"
"form-data-encoder","2.1.3","-","-","-","-","-","-",false,false,false,false,false,"got@12.5.1"
"fp-and-or","0.1.3","-","-","-","-","-","-",false,false,false,false,false,"npm-check-updates@16.3.8"
"fraction.js","4.2.0","-","-","-","-","-","-",false,false,false,false,false,"autoprefixer@10.4.12"
"fs-minipass","2.1.0","-","-","-","-","-","-",false,false,false,false,false,"cacache@16.1.3,pacote@13.6.2,tar@6.1.11"
"fs.realpath","1.0.0","-","-","-","-","-","-",false,false,false,false,false,"glob@8.0.3"
"fsevents","2.3.2","-","-","-","-","-","-",false,true,true,false,false,"chokidar@3.5.3,rollup@2.78.1,vite@3.1.6"
"function-bind","1.1.1","-","-","-","-","-","-",false,true,false,false,false,"has@1.0.3"
"gauge","4.0.4","-","-","-","-","-","-",false,false,false,false,false,"npmlog@6.0.2"
"gensync","1.0.0-beta.2","-","-","-","-","-","-",false,false,false,false,false,"@babel/core@7.19.3"
"get-caller-file","2.0.5","-","-","-","-","-","-",false,false,false,false,false,"yargs@16.2.0"
"get-func-name","2.0.0","-","-","-","-","-","-",false,true,false,false,false,"chai@4.3.6,loupe@2.3.4"
"get-stdin","8.0.0","-","-","-","-","-","-",false,false,false,false,false,"npm-check-updates@16.3.8"
"get-stream","6.0.1","-","-","-","-","-","-",false,false,false,false,false,"cacheable-request@10.2.1,got@12.5.1"
"glob-parent","5.1.2","-","-","-","-","-","-",false,false,false,false,false,"chokidar@3.5.3,fast-glob@3.2.12"
"glob-parent","6.0.2","-","-","-","-","-","-",false,false,false,false,false,"eslint@8.24.0,tailwindcss@3.1.8"
"glob","7.2.3","-","-","-","-","-","-",false,false,false,false,false,"node-gyp@9.2.0,rimraf@3.0.2,test-exclude@6.0.0"
"glob","8.0.3","-","-","-","-","-","-",false,false,false,false,false,"cacache@16.1.3,npm-packlist@5.1.3,read-package-json@5.0.2"
"global-dirs","3.0.0","-","-","-","-","-","-",false,false,false,false,false,"is-installed-globally@0.4.0"
"globals","11.12.0","-","-","-","-","-","-",false,false,false,false,false,"@babel/traverse@7.19.3"
"globals","13.17.0","-","-","-","-","-","-",false,false,false,false,false,"@eslint/eslintrc@1.3.2,eslint@8.24.0"
"globby","11.1.0","-","-","-","-","-","-",false,false,false,false,false,"@typescript-eslint/typescript-estree@5.39.0,eslint@8.24.0,npm-check-updates@16.3.8"
"got","12.5.1","-","-","-","-","-","-",false,false,false,false,false,"package-json@8.1.0"
"graceful-fs","4.2.10","-","-","-","-","-","-",false,false,false,false,false,"@pnpm/network.ca-file@1.0.1,configstore@6.0.0,node-gyp@9.2.0"
"grapheme-splitter","1.0.4","-","-","-","-","-","-",false,false,false,false,false,"eslint@8.24.0"
"has-flag","3.0.0","-","-","-","-","-","-",false,true,false,true,false,"supports-color@5.5.0"
"has-flag","4.0.0","-","-","-","-","-","-",false,false,false,false,false,"supports-color@7.2.0"
"has-unicode","2.0.1","-","-","-","-","-","-",false,false,false,false,false,"gauge@4.0.4"
"has-yarn","3.0.0","-","-","-","-","-","-",false,false,false,false,false,"update-notifier@6.0.2"
"has","1.0.3","-","-","-","-","-","-",false,true,false,false,false,"is-core-module@2.10.0"
"hosted-git-info","5.1.0","-","-","-","-","-","-",false,false,false,false,false,"normalize-package-data@4.0.1,npm-check-updates@16.3.8,npm-package-arg@9.1.2"
"html-escaper","2.0.2","-","-","-","-","-","-",false,false,false,false,false,"istanbul-reports@3.1.5"
"html-tags","3.2.0","-","-","-","-","-","-",false,false,false,false,false,"@vue/babel-plugin-jsx@1.1.1"
"http-cache-semantics","4.1.0","-","-","-","-","-","-",false,false,false,false,false,"cacheable-request@10.2.1,make-fetch-happen@10.2.1"
"http-proxy-agent","5.0.0","-","-","-","-","-","-",false,false,false,false,false,"make-fetch-happen@10.2.1"
"http2-wrapper","2.1.11","-","-","-","-","-","-",false,false,false,false,false,"got@12.5.1"
"https-proxy-agent","5.0.1","-","-","-","-","-","-",false,false,false,false,false,"make-fetch-happen@10.2.1"
"humanize-ms","1.2.1","-","-","-","-","-","-",false,false,false,false,false,"agentkeepalive@4.2.1"
"iconv-lite","0.6.3","-","-","-","-","-","-",false,false,false,false,false,"encoding@0.1.13"
"ieee754","1.2.1","-","-","-","-","-","-",false,false,false,false,false,"token-types@5.0.1"
"ignore-walk","5.0.1","-","-","-","-","-","-",false,false,false,false,false,"npm-packlist@5.1.3"
"ignore","5.2.0","-","-","-","-","-","-",false,false,false,false,false,"@eslint/eslintrc@1.3.2,@typescript-eslint/eslint-plugin@5.39.0,eslint@8.24.0,globby@11.1.0"
"import-fresh","3.3.0","-","-","-","-","-","-",false,false,false,false,false,"@eslint/eslintrc@1.3.2,eslint@8.24.0"
"import-lazy","4.0.0","-","-","-","-","-","-",false,false,false,false,false,"update-notifier@6.0.2"
"imurmurhash","0.1.4","-","-","-","-","-","-",false,false,false,false,false,"eslint@8.24.0,unique-slug@3.0.0,write-file-atomic@3.0.3"
"indent-string","4.0.0","-","-","-","-","-","-",false,false,false,false,false,"aggregate-error@3.1.0"
"infer-owner","1.0.4","-","-","-","-","-","-",false,false,false,false,false,"@npmcli/promise-spawn@3.0.0,cacache@16.1.3,pacote@13.6.2"
"inflight","1.0.6","-","-","-","-","-","-",false,false,false,false,false,"glob@8.0.3"
"inherits","2.0.4","-","-","-","-","-","-",false,false,false,false,false,"glob@8.0.3,readable-stream@3.6.0"
"ini","1.3.8","-","-","-","-","-","-",false,false,false,false,false,"config-chain@1.1.13,rc@1.2.8"
"ini","2.0.0","-","-","-","-","-","-",false,false,false,false,false,"global-dirs@3.0.0"
"ip","2.0.0","-","-","-","-","-","-",false,false,false,false,false,"socks@2.7.1"
"is-binary-path","2.1.0","-","-","-","-","-","-",false,false,false,false,false,"chokidar@3.5.3"
"is-ci","3.0.1","-","-","-","-","-","-",false,false,false,false,false,"update-notifier@6.0.2"
"is-core-module","2.10.0","-","-","-","-","-","-",false,true,false,false,false,"normalize-package-data@4.0.1,resolve@1.22.1"
"is-extglob","2.1.1","-","-","-","-","-","-",false,false,false,false,false,"is-glob@4.0.3"
"is-fullwidth-code-point","3.0.0","-","-","-","-","-","-",false,false,false,false,false,"string-width@4.2.3"
"is-glob","4.0.3","-","-","-","-","-","-",false,false,false,false,false,"@typescript-eslint/typescript-estree@5.39.0,chokidar@3.5.3,eslint@8.24.0,glob-parent@6.0.2,tailwindcss@3.1.8"
"is-installed-globally","0.4.0","-","-","-","-","-","-",false,false,false,false,false,"update-notifier@6.0.2"
"is-lambda","1.0.1","-","-","-","-","-","-",false,false,false,false,false,"make-fetch-happen@10.2.1"
"is-npm","6.0.0","-","-","-","-","-","-",false,false,false,false,false,"update-notifier@6.0.2"
"is-number","7.0.0","-","-","-","-","-","-",false,false,false,false,false,"to-regex-range@5.0.1"
"is-obj","2.0.0","-","-","-","-","-","-",false,false,false,false,false,"dot-prop@6.0.1"
"is-path-inside","3.0.3","-","-","-","-","-","-",false,false,false,false,false,"is-installed-globally@0.4.0"
"is-typedarray","1.0.0","-","-","-","-","-","-",false,false,false,false,false,"typedarray-to-buffer@3.1.5,write-file-atomic@3.0.3"
"is-yarn-global","0.4.0","-","-","-","-","-","-",false,false,false,false,false,"update-notifier@6.0.2"
"isarray","0.0.1","-","-","-","-","-","-",false,false,false,false,false,"path-to-regexp@1.8.0"
"isexe","2.0.0","-","-","-","-","-","-",false,false,false,false,false,"which@2.0.2"
"istanbul-lib-coverage","3.2.0","-","-","-","-","-","-",false,false,false,false,false,"c8@7.12.0,istanbul-lib-report@3.0.0"
"istanbul-lib-report","3.0.0","-","-","-","-","-","-",false,false,false,false,false,"c8@7.12.0,istanbul-reports@3.1.5"
"istanbul-reports","3.1.5","-","-","-","-","-","-",false,false,false,false,false,"c8@7.12.0"
"javascript-natural-sort","0.7.1","-","-","-","-","-","-",false,false,false,false,false,"@trivago/prettier-plugin-sort-imports@3.3.0"
"jju","1.4.0","-","-","-","-","-","-",false,false,false,false,false,"json-parse-helpfulerror@1.0.3"
"js-sdsl","4.1.5","-","-","-","-","-","-",false,false,false,false,false,"eslint@8.24.0"
"js-tokens","4.0.0","-","-","-","-","-","-",false,false,false,false,false,"@babel/highlight@7.18.6"
"js-yaml","4.1.0","-","-","-","-","-","-",false,false,false,false,false,"@eslint/eslintrc@1.3.2,eslint@8.24.0,rc-config-loader@4.1.0"
"jsesc","2.5.2","-","-","-","-","-","-",false,false,false,false,false,"@babel/generator@7.19.3"
"json-buffer","3.0.1","-","-","-","-","-","-",false,false,false,false,false,"keyv@4.5.0"
"json-parse-even-better-errors","2.3.1","-","-","-","-","-","-",false,false,false,false,false,"read-package-json-fast@2.0.3,read-package-json@5.0.2"
"json-parse-helpfulerror","1.0.3","-","-","-","-","-","-",false,false,false,false,false,"npm-check-updates@16.3.8"
"json-schema-traverse","0.4.1","-","-","-","-","-","-",false,false,false,false,false,"ajv@6.12.6"
"json-stable-stringify-without-jsonify","1.0.1","-","-","-","-","-","-",false,false,false,false,false,"eslint@8.24.0"
"json5","2.2.1","-","-","-","-","-","-",false,false,false,false,false,"@babel/core@7.19.3,rc-config-loader@4.1.0"
"jsonc-parser","3.2.0","-","-","-","-","-","-",false,false,false,false,false,"shiki@0.11.1"
"jsonlines","0.1.1","-","-","-","-","-","-",false,false,false,false,false,"npm-check-updates@16.3.8"
"jsonparse","1.3.1","-","-","-","-","-","-",false,false,false,false,false,"minipass-json-stream@1.0.1"
"just-extend","4.2.1","-","-","-","-","-","-",false,false,false,false,false,"nise@5.1.1"
"keyv","4.5.0","-","-","-","-","-","-",false,false,false,false,false,"cacheable-request@10.2.1"
"kleur","4.1.5","-","-","-","-","-","-",false,false,false,false,false,"prompts-ncu@2.5.1"
"latest-version","7.0.0","-","-","-","-","-","-",false,false,false,false,false,"update-notifier@6.0.2"
"levn","0.4.1","-","-","-","-","-","-",false,false,false,false,false,"eslint@8.24.0,optionator@0.9.1"
"lilconfig","2.0.6","-","-","-","-","-","-",false,false,false,false,false,"postcss-load-config@3.1.4,tailwindcss@3.1.8"
"local-pkg","0.4.2","-","-","-","-","-","-",false,true,false,false,false,"vitest@0.24.0"
"locate-path","6.0.0","-","-","-","-","-","-",false,false,false,false,false,"find-up@5.0.0"
"lodash.get","4.4.2","-","-","-","-","-","-",false,false,false,false,false,"@sinonjs/samsam@6.1.1"
"lodash.merge","4.6.2","-","-","-","-","-","-",false,false,false,false,false,"eslint@8.24.0"
"lodash.snakecase","4.1.1","-","-","-","-","-","-",false,false,false,false,false,"discord.js@14.5.0"
"lodash.uniqwith","4.5.0","-","-","-","-","-","-",false,false,false,false,false,"@sapphire/shapeshift@3.7.0"
"lodash","4.17.21","-","-","-","-","-","-",false,false,false,false,false,"@trivago/prettier-plugin-sort-imports@3.3.0,npm-check-updates@16.3.8,vue-eslint-parser@9.1.0"
"loupe","2.3.4","-","-","-","-","-","-",false,true,false,false,false,"chai@4.3.6"
"lowercase-keys","3.0.0","-","-","-","-","-","-",false,false,false,false,false,"got@12.5.1,responselike@3.0.0"
"lru-cache","6.0.0","-","-","-","-","-","-",false,false,false,false,false,"semver@7.3.8"
"lru-cache","7.14.0","-","-","-","-","-","-",false,false,false,false,false,"@npmcli/git@3.0.2,cacache@16.1.3,hosted-git-info@5.1.0,make-fetch-happen@10.2.1"
"lunr","2.3.9","-","-","-","-","-","-",false,false,false,false,false,"typedoc@0.23.15"
"magic-string","0.25.9","-","-","-","-","-","-",false,false,false,false,false,"@vue/compiler-sfc@3.2.40,@vue/reactivity-transform@3.2.40"
"make-dir","3.1.0","-","-","-","-","-","-",false,false,false,false,false,"istanbul-lib-report@3.0.0"
"make-error","1.3.6","-","-","-","-","-","-",false,false,false,false,false,"ts-node@10.9.1"
"make-fetch-happen","10.2.1","-","-","-","-","-","-",false,false,false,false,false,"node-gyp@9.2.0,npm-registry-fetch@13.3.1"
"marked","4.1.1","-","-","-","-","-","-",false,false,false,false,false,"typedoc@0.23.15"
"merge2","1.4.1","-","-","-","-","-","-",false,false,false,false,false,"fast-glob@3.2.12,globby@11.1.0"
"micromatch","4.0.5","-","-","-","-","-","-",false,false,false,false,false,"fast-glob@3.2.12"
"mimic-response","3.1.0","-","-","-","-","-","-",false,false,false,false,false,"decompress-response@6.0.0"
"mimic-response","4.0.0","-","-","-","-","-","-",false,false,false,false,false,"cacheable-request@10.2.1"
"minimatch","3.1.2","-","-","-","-","-","-",false,false,false,false,false,"@eslint/eslintrc@1.3.2,@humanwhocodes/config-array@0.10.7,eslint@8.24.0,glob@7.2.3,test-exclude@6.0.0"
"minimatch","5.1.0","-","-","-","-","-","-",false,false,false,false,false,"glob@8.0.3,ignore-walk@5.0.1,npm-check-updates@16.3.8,typedoc@0.23.15"
"minimist","1.2.6","-","-","-","-","-","-",false,false,false,false,false,"detective@5.2.1,rc@1.2.8"
"minipass-collect","1.0.2","-","-","-","-","-","-",false,false,false,false,false,"cacache@16.1.3,make-fetch-happen@10.2.1"
"minipass-fetch","2.1.2","-","-","-","-","-","-",false,false,false,false,false,"make-fetch-happen@10.2.1,npm-registry-fetch@13.3.1"
"minipass-flush","1.0.5","-","-","-","-","-","-",false,false,false,false,false,"cacache@16.1.3,make-fetch-happen@10.2.1"
"minipass-json-stream","1.0.1","-","-","-","-","-","-",false,false,false,false,false,"npm-registry-fetch@13.3.1"
"minipass-pipeline","1.2.4","-","-","-","-","-","-",false,false,false,false,false,"cacache@16.1.3,make-fetch-happen@10.2.1"
"minipass-sized","1.0.3","-","-","-","-","-","-",false,false,false,false,false,"minipass-fetch@2.1.2"
"minipass","3.3.4","-","-","-","-","-","-",false,false,false,false,false,"cacache@16.1.3,fs-minipass@2.1.0,make-fetch-happen@10.2.1,minipass-collect@1.0.2,minipass-fetch@2.1.2,minipass-flush@1.0.5,minipass-json-stream@1.0.1,minipass-pipeline@1.2.4,minipass-sized@1.0.3,minizlib@2.1.2,npm-registry-fetch@13.3.1,pacote@13.6.2,ssri@9.0.1,tar@6.1.11"
"minizlib","2.1.2","-","-","-","-","-","-",false,false,false,false,false,"minipass-fetch@2.1.2,npm-registry-fetch@13.3.1,tar@6.1.11"
"mkdirp","1.0.4","-","-","-","-","-","-",false,false,false,false,false,"@npmcli/git@3.0.2,@npmcli/move-file@2.0.1,cacache@16.1.3,pacote@13.6.2,tar@6.1.11"
"ms","2.1.2","-","-","-","-","-","-",false,true,false,false,false,"debug@4.3.4"
"ms","2.1.3","-","-","-","-","-","-",false,false,false,false,false,"humanize-ms@1.2.1"
"nanoid","3.3.4","-","-","-","-","-","-",false,true,false,false,false,"postcss@8.4.17"
"natural-compare","1.4.0","-","-","-","-","-","-",false,false,false,false,false,"eslint-plugin-vue@9.6.0,eslint@8.24.0"
"negotiator","0.6.3","-","-","-","-","-","-",false,false,false,false,false,"make-fetch-happen@10.2.1"
"nise","5.1.1","-","-","-","-","-","-",false,false,false,false,false,"sinon@14.0.1"
"node-gyp","9.2.0","-","-","-","-","-","-",false,false,false,false,false,"@npmcli/run-script@4.2.1"
"node-releases","2.0.6","-","-","-","-","-","-",false,false,false,false,false,"browserslist@4.21.4"
"nopt","6.0.0","-","-","-","-","-","-",false,false,false,false,false,"node-gyp@9.2.0"
"normalize-package-data","4.0.1","-","-","-","-","-","-",false,false,false,false,false,"read-package-json@5.0.2"
"normalize-path","3.0.0","-","-","-","-","-","-",false,false,false,false,false,"anymatch@3.1.2,chokidar@3.5.3,tailwindcss@3.1.8"
"normalize-range","0.1.2","-","-","-","-","-","-",false,false,false,false,false,"autoprefixer@10.4.12"
"normalize-url","7.2.0","-","-","-","-","-","-",false,false,false,false,false,"cacheable-request@10.2.1"
"npm-bundled","1.1.2","-","-","-","-","-","-",false,false,false,false,false,"@npmcli/installed-package-contents@1.0.7"
"npm-bundled","2.0.1","-","-","-","-","-","-",false,false,false,false,false,"npm-packlist@5.1.3"
"npm-install-checks","5.0.0","-","-","-","-","-","-",false,false,false,false,false,"npm-pick-manifest@7.0.2"
"npm-normalize-package-bin","1.0.1","-","-","-","-","-","-",false,false,false,false,false,"@npmcli/installed-package-contents@1.0.7,npm-bundled@1.1.2,read-package-json-fast@2.0.3"
"npm-normalize-package-bin","2.0.0","-","-","-","-","-","-",false,false,false,false,false,"npm-bundled@2.0.1,npm-packlist@5.1.3,npm-pick-manifest@7.0.2,read-package-json@5.0.2"
"npm-package-arg","9.1.2","-","-","-","-","-","-",false,false,false,false,false,"npm-pick-manifest@7.0.2,npm-registry-fetch@13.3.1,pacote@13.6.2"
"npm-packlist","5.1.3","-","-","-","-","-","-",false,false,false,false,false,"pacote@13.6.2"
"npm-pick-manifest","7.0.2","-","-","-","-","-","-",false,false,false,false,false,"@npmcli/git@3.0.2,pacote@13.6.2"
"npm-registry-fetch","13.3.1","-","-","-","-","-","-",false,false,false,false,false,"pacote@13.6.2"
"npmlog","6.0.2","-","-","-","-","-","-",false,false,false,false,false,"node-gyp@9.2.0"
"nth-check","2.1.1","-","-","-","-","-","-",false,false,false,false,false,"eslint-plugin-vue@9.6.0"
"object-hash","3.0.0","-","-","-","-","-","-",false,false,false,false,false,"tailwindcss@3.1.8"
"once","1.4.0","-","-","-","-","-","-",false,false,false,false,false,"glob@8.0.3,inflight@1.0.6"
"optionator","0.9.1","-","-","-","-","-","-",false,false,false,false,false,"eslint@8.24.0"
"p-cancelable","3.0.0","-","-","-","-","-","-",false,false,false,false,false,"got@12.5.1"
"p-limit","3.1.0","-","-","-","-","-","-",false,false,false,false,false,"p-locate@5.0.0"
"p-locate","5.0.0","-","-","-","-","-","-",false,false,false,false,false,"locate-path@6.0.0"
"p-map","4.0.0","-","-","-","-","-","-",false,false,false,false,false,"cacache@16.1.3,npm-check-updates@16.3.8"
"package-json","8.1.0","-","-","-","-","-","-",false,false,false,false,false,"latest-version@7.0.0"
"pacote","13.6.2","-","-","-","-","-","-",false,false,false,false,false,"npm-check-updates@16.3.8"
"parent-module","1.0.1","-","-","-","-","-","-",false,false,false,false,false,"import-fresh@3.3.0"
"parse-github-url","1.0.2","-","-","-","-","-","-",false,false,false,false,false,"npm-check-updates@16.3.8"
"path-exists","4.0.0","-","-","-","-","-","-",false,false,false,false,false,"find-up@5.0.0"
"path-is-absolute","1.0.1","-","-","-","-","-","-",false,false,false,false,false,"glob@7.2.3"
"path-key","3.1.1","-","-","-","-","-","-",false,false,false,false,false,"cross-spawn@7.0.3"
"path-parse","1.0.7","-","-","-","-","-","-",false,true,false,false,false,"resolve@1.22.1"
"path-to-regexp","1.8.0","-","-","-","-","-","-",false,false,false,false,false,"nise@5.1.1"
"path-type","4.0.0","-","-","-","-","-","-",false,false,false,false,false,"dir-glob@3.0.1"
"pathval","1.1.1","-","-","-","-","-","-",false,true,false,false,false,"chai@4.3.6"
"peek-readable","5.0.0","-","-","-","-","-","-",false,false,false,false,false,"strtok3@7.0.0"
"picocolors","1.0.0","-","-","-","-","-","-",false,true,false,false,false,"autoprefixer@10.4.12,postcss@8.4.17,tailwindcss@3.1.8,update-browserslist-db@1.0.10"
"picomatch","2.3.1","-","-","-","-","-","-",false,false,false,false,false,"anymatch@3.1.2,micromatch@4.0.5,readdirp@3.6.0"
"pify","2.3.0","-","-","-","-","-","-",false,false,false,false,false,"read-cache@1.0.0"
"postcss-import","14.1.0","-","-","-","-","-","-",false,false,false,false,false,"tailwindcss@3.1.8"
"postcss-js","4.0.0","-","-","-","-","-","-",false,false,false,false,false,"tailwindcss@3.1.8"
"postcss-load-config","3.1.4","-","-","-","-","-","-",false,false,false,false,false,"tailwindcss@3.1.8"
"postcss-nested","5.0.6","-","-","-","-","-","-",false,false,false,false,false,"tailwindcss@3.1.8"
"postcss-selector-parser","6.0.10","-","-","-","-","-","-",false,false,false,false,false,"eslint-plugin-vue@9.6.0,postcss-nested@5.0.6,tailwindcss@3.1.8"
"postcss-value-parser","4.2.0","-","-","-","-","-","-",false,false,false,false,false,"autoprefixer@10.4.12,postcss-import@14.1.0,tailwindcss@3.1.8"
"postcss","8.4.17","-","-","-","-","-","-",false,true,false,false,false,"@vue/compiler-sfc@3.2.40,autoprefixer@10.4.12,postcss-import@14.1.0,postcss-js@4.0.0,postcss-load-config@3.1.4,postcss-nested@5.0.6,tailwindcss@3.1.8,vite@3.1.6,autoprefixer@10.4.12,postcss-import@14.1.0,postcss-js@4.0.0,postcss-load-config@3.1.4,postcss-nested@5.0.6,tailwindcss@3.1.8"
"preact","10.11.1","-","-","-","-","-","-",false,false,false,false,false,"@docsearch/js@3.2.1"
"prelude-ls","1.2.1","-","-","-","-","-","-",false,false,false,false,false,"levn@0.4.1,optionator@0.9.1,type-check@0.4.0"
"prettier-linter-helpers","1.0.0","-","-","-","-","-","-",false,false,false,false,false,"eslint-plugin-prettier@4.2.1"
"prettier","2.7.1","-","-","-","-","-","-",false,false,false,false,false,"@trivago/prettier-plugin-sort-imports@3.3.0,@vue/eslint-config-prettier@7.0.0,eslint-plugin-prettier@4.2.1,@trivago/prettier-plugin-sort-imports@3.3.0,@vue/eslint-config-prettier@7.0.0,eslint-plugin-prettier@4.2.1"
"proc-log","2.0.1","-","-","-","-","-","-",false,false,false,false,false,"@npmcli/git@3.0.2,npm-package-arg@9.1.2,npm-registry-fetch@13.3.1,pacote@13.6.2"
"progress","2.0.3","-","-","-","-","-","-",false,false,false,false,false,"npm-check-updates@16.3.8"
"promise-inflight","1.0.1","-","-","-","-","-","-",false,false,false,false,false,"@npmcli/git@3.0.2,cacache@16.1.3"
"promise-retry","2.0.1","-","-","-","-","-","-",false,false,false,false,false,"@npmcli/git@3.0.2,make-fetch-happen@10.2.1,pacote@13.6.2"
"prompts-ncu","2.5.1","-","-","-","-","-","-",false,false,false,false,false,"npm-check-updates@16.3.8"
"proto-list","1.2.4","-","-","-","-","-","-",false,false,false,false,false,"config-chain@1.1.13"
"punycode","2.1.1","-","-","-","-","-","-",false,false,false,false,false,"uri-js@4.4.1"
"pupa","3.1.0","-","-","-","-","-","-",false,false,false,false,false,"update-notifier@6.0.2"
"queue-microtask","1.2.3","-","-","-","-","-","-",false,false,false,false,false,"run-parallel@1.2.0"
"quick-lru","5.1.1","-","-","-","-","-","-",false,false,false,false,false,"http2-wrapper@2.1.11,tailwindcss@3.1.8"
"rc-config-loader","4.1.0","-","-","-","-","-","-",false,false,false,false,false,"npm-check-updates@16.3.8"
"rc","1.2.8","-","-","-","-","-","-",false,false,false,false,false,"registry-url@6.0.1"
"read-cache","1.0.0","-","-","-","-","-","-",false,false,false,false,false,"postcss-import@14.1.0"
"read-package-json-fast","2.0.3","-","-","-","-","-","-",false,false,false,false,false,"@npmcli/run-script@4.2.1,pacote@13.6.2"
"read-package-json","5.0.2","-","-","-","-","-","-",false,false,false,false,false,"pacote@13.6.2"
"readable-stream","3.6.0","-","-","-","-","-","-",false,false,false,false,false,"are-we-there-yet@3.0.1,readable-web-to-node-stream@3.0.2"
"readable-web-to-node-stream","3.0.2","-","-","-","-","-","-",false,false,false,false,false,"file-type@18.0.0"
"readdirp","3.6.0","-","-","-","-","-","-",false,false,false,false,false,"chokidar@3.5.3"
"regexpp","3.2.0","-","-","-","-","-","-",false,false,false,false,false,"@typescript-eslint/eslint-plugin@5.39.0,eslint@8.24.0"
"registry-auth-token","5.0.1","-","-","-","-","-","-",false,false,false,false,false,"package-json@8.1.0"
"registry-url","6.0.1","-","-","-","-","-","-",false,false,false,false,false,"package-json@8.1.0"
"remote-git-tags","3.0.0","-","-","-","-","-","-",false,false,false,false,false,"npm-check-updates@16.3.8"
"require-directory","2.1.1","-","-","-","-","-","-",false,false,false,false,false,"yargs@16.2.0"
"require-from-string","2.0.2","-","-","-","-","-","-",false,false,false,false,false,"rc-config-loader@4.1.0"
"resolve-alpn","1.2.1","-","-","-","-","-","-",false,false,false,false,false,"http2-wrapper@2.1.11"
"resolve-from","4.0.0","-","-","-","-","-","-",false,false,false,false,false,"import-fresh@3.3.0"
"resolve","1.22.1","-","-","-","-","-","-",false,true,false,false,false,"postcss-import@14.1.0,tailwindcss@3.1.8,vite@3.1.6"
"responselike","3.0.0","-","-","-","-","-","-",false,false,false,false,false,"cacheable-request@10.2.1,got@12.5.1"
"retry","0.12.0","-","-","-","-","-","-",false,false,false,false,false,"promise-retry@2.0.1"
"reusify","1.0.4","-","-","-","-","-","-",false,false,false,false,false,"fastq@1.13.0"
"rimraf","3.0.2","-","-","-","-","-","-",false,false,false,false,false,"@npmcli/move-file@2.0.1,c8@7.12.0,cacache@16.1.3,flat-cache@3.0.4,node-gyp@9.2.0,npm-check-updates@16.3.8,pacote@13.6.2"
"rollup","2.78.1","-","-","-","-","-","-",false,true,false,false,false,"vite@3.1.6"
"run-parallel","1.2.0","-","-","-","-","-","-",false,false,false,false,false,"@nodelib/fs.scandir@2.1.5"
"safe-buffer","5.1.2","-","-","-","-","-","-",false,false,false,false,false,"convert-source-map@1.8.0"
"safe-buffer","5.2.1","-","-","-","-","-","-",false,false,false,false,false,"string_decoder@1.3.0"
"safer-buffer","2.1.2","-","-","-","-","-","-",false,false,false,false,false,"iconv-lite@0.6.3"
"semver-diff","4.0.0","-","-","-","-","-","-",false,false,false,false,false,"update-notifier@6.0.2"
"semver-utils","1.1.4","-","-","-","-","-","-",false,false,false,false,false,"npm-check-updates@16.3.8"
"semver","6.3.0","-","-","-","-","-","-",false,false,false,false,false,"@babel/core@7.19.3,@babel/helper-compilation-targets@7.19.3,make-dir@3.1.0"
"semver","7.3.8","-","-","-","-","-","-",false,false,false,false,false,"@npmcli/fs@2.1.2,@npmcli/git@3.0.2,@typescript-eslint/eslint-plugin@5.39.0,@typescript-eslint/typescript-estree@5.39.0,builtins@5.0.1,eslint-plugin-vue@9.6.0,node-gyp@9.2.0,normalize-package-data@4.0.1,npm-check-updates@16.3.8,npm-install-checks@5.0.0,npm-package-arg@9.1.2,npm-pick-manifest@7.0.2,package-json@8.1.0,semver-diff@4.0.0,update-notifier@6.0.2,vue-eslint-parser@9.1.0"
"set-blocking","2.0.0","-","-","-","-","-","-",false,false,false,false,false,"npmlog@6.0.2"
"shebang-command","2.0.0","-","-","-","-","-","-",false,false,false,false,false,"cross-spawn@7.0.3"
"shebang-regex","3.0.0","-","-","-","-","-","-",false,false,false,false,false,"shebang-command@2.0.0"
"shiki","0.11.1","-","-","-","-","-","-",false,false,false,false,false,"typedoc@0.23.15,vitepress@1.0.0-alpha.19"
"signal-exit","3.0.7","-","-","-","-","-","-",false,false,false,false,false,"foreground-child@2.0.0,gauge@4.0.4,write-file-atomic@3.0.3"
"sisteransi","1.0.5","-","-","-","-","-","-",false,false,false,false,false,"prompts-ncu@2.5.1"
"slash","3.0.0","-","-","-","-","-","-",false,false,false,false,false,"globby@11.1.0"
"smart-buffer","4.2.0","-","-","-","-","-","-",false,false,false,false,false,"socks@2.7.1"
"socks-proxy-agent","7.0.0","-","-","-","-","-","-",false,false,false,false,false,"make-fetch-happen@10.2.1"
"socks","2.7.1","-","-","-","-","-","-",false,false,false,false,false,"socks-proxy-agent@7.0.0"
"source-map-js","1.0.2","-","-","-","-","-","-",false,true,false,false,false,"postcss@8.4.17"
"source-map-support","0.5.21","-","-","-","-","-","-",false,false,false,false,false,"npm-check-updates@16.3.8"
"source-map","0.5.7","-","-","-","-","-","-",false,false,false,false,false,"@babel/generator@7.17.7"
"source-map","0.6.1","-","-","-","-","-","-",false,false,false,false,false,"@vue/compiler-core@3.2.40,@vue/compiler-sfc@3.2.40,source-map-support@0.5.21"
"sourcemap-codec","1.4.8","-","-","-","-","-","-",false,false,false,false,false,"magic-string@0.25.9"
"spawn-please","1.0.0","-","-","-","-","-","-",false,false,false,false,false,"npm-check-updates@16.3.8"
"spdx-correct","3.1.1","-","-","-","-","-","-",false,false,false,false,false,"validate-npm-package-license@3.0.4"
"spdx-exceptions","2.3.0","-","-","-","-","-","-",false,false,false,false,false,"spdx-expression-parse@3.0.1"
"spdx-expression-parse","3.0.1","-","-","-","-","-","-",false,false,false,false,false,"spdx-correct@3.1.1,validate-npm-package-license@3.0.4"
"spdx-license-ids","3.0.12","-","-","-","-","-","-",false,false,false,false,false,"spdx-correct@3.1.1,spdx-expression-parse@3.0.1"
"ssri","9.0.1","-","-","-","-","-","-",false,false,false,false,false,"cacache@16.1.3,make-fetch-happen@10.2.1,pacote@13.6.2"
"streamsearch","1.1.0","-","-","-","-","-","-",false,false,false,false,false,"busboy@1.6.0"
"string-width","4.2.3","-","-","-","-","-","-",false,false,false,false,false,"ansi-align@3.0.1,cliui@7.0.4,gauge@4.0.4,wide-align@1.1.5,wrap-ansi@7.0.0,yargs@16.2.0"
"string-width","5.1.2","-","-","-","-","-","-",false,false,false,false,false,"boxen@7.0.0,widest-line@4.0.1,wrap-ansi@8.0.1"
"string_decoder","1.3.0","-","-","-","-","-","-",false,false,false,false,false,"readable-stream@3.6.0"
"strip-ansi","6.0.1","-","-","-","-","-","-",false,false,false,false,false,"cliui@7.0.4,eslint@8.24.0,gauge@4.0.4,string-width@4.2.3,wrap-ansi@7.0.0"
"strip-ansi","7.0.1","-","-","-","-","-","-",false,false,false,false,false,"string-width@5.1.2,wrap-ansi@8.0.1"
"strip-json-comments","2.0.1","-","-","-","-","-","-",false,false,false,false,false,"rc@1.2.8"
"strip-json-comments","3.1.1","-","-","-","-","-","-",false,false,false,false,false,"@eslint/eslintrc@1.3.2,eslint@8.24.0"
"strip-literal","0.4.2","-","-","-","-","-","-",false,true,false,false,false,"vitest@0.24.0"
"strtok3","7.0.0","-","-","-","-","-","-",false,false,false,false,false,"file-type@18.0.0"
"supports-color","5.5.0","-","-","-","-","-","-",false,true,false,true,false,"chalk@2.4.2,debug@4.3.4"
"supports-color","7.2.0","-","-","-","-","-","-",false,false,false,false,false,"chalk@4.1.2,istanbul-lib-report@3.0.0,sinon@14.0.1"
"supports-preserve-symlinks-flag","1.0.0","-","-","-","-","-","-",false,true,false,false,false,"resolve@1.22.1"
"svg-tags","1.0.0","-","-","-","-","-","-",false,false,false,false,false,"@vue/babel-plugin-jsx@1.1.1"
"tar","6.1.11","-","-","-","-","-","-",false,false,false,false,false,"cacache@16.1.3,node-gyp@9.2.0,pacote@13.6.2"
"test-exclude","6.0.0","-","-","-","-","-","-",false,false,false,false,false,"c8@7.12.0"
"text-table","0.2.0","-","-","-","-","-","-",false,false,false,false,false,"eslint@8.24.0"
"tinybench","2.3.0","-","-","-","-","-","-",false,true,false,false,false,"vitest@0.24.0"
"tinypool","0.3.0","-","-","-","-","-","-",false,true,false,false,false,"vitest@0.24.0"
"tinyspy","1.0.2","-","-","-","-","-","-",false,true,false,false,false,"vitest@0.24.0"
"to-fast-properties","2.0.0","-","-","-","-","-","-",false,false,false,false,false,"@babel/types@7.19.3"
"to-regex-range","5.0.1","-","-","-","-","-","-",false,false,false,false,false,"fill-range@7.0.1"
"token-types","5.0.1","-","-","-","-","-","-",false,false,false,false,false,"file-type@18.0.0"
"ts-mixer","6.0.1","-","-","-","-","-","-",false,false,false,false,false,"@discordjs/builders@1.2.0"
"ts-node","10.9.1","-","-","-","-","-","-",false,false,false,false,false,"postcss-load-config@3.1.4"
"tslib","1.14.1","-","-","-","-","-","-",false,false,false,false,false,"tsutils@3.21.0"
"tslib","2.4.0","-","-","-","-","-","-",false,false,false,false,false,"@discordjs/builders@1.2.0,@discordjs/rest@1.2.0,discord.js@14.5.0"
"tsutils","3.21.0","-","-","-","-","-","-",false,false,false,false,false,"@typescript-eslint/eslint-plugin@5.39.0,@typescript-eslint/type-utils@5.39.0,@typescript-eslint/typescript-estree@5.39.0"
"turbo-darwin-64","1.9.3","-","-","-","-","-","-",false,true,true,false,false,"turbo@1.9.3"
"turbo-darwin-arm64","1.9.3","-","-","-","-","-","-",false,true,true,false,false,"turbo@1.9.3"
"turbo-linux-64","1.9.3","-","-","-","-","-","-",false,true,true,false,false,"turbo@1.9.3"
"turbo-linux-arm64","1.9.3","-","-","-","-","-","-",false,true,true,false,false,"turbo@1.9.3"
"turbo-windows-64","1.9.3","-","-","-","-","-","-",false,true,true,false,false,"turbo@1.9.3"
"turbo-windows-arm64","1.9.3","-","-","-","-","-","-",false,true,true,false,false,"turbo@1.9.3"
"turbo","1.9.3","-","-","-","-","-","-",false,true,false,false,false,"@cocoa-discord/turborepo@0.0.0"
"type-check","0.4.0","-","-","-","-","-","-",false,false,false,false,false,"levn@0.4.1,optionator@0.9.1"
"type-detect","4.0.8","-","-","-","-","-","-",false,true,false,false,false,"@sinonjs/commons@1.8.3,@sinonjs/samsam@6.1.1,chai@4.3.6,deep-eql@3.0.1"
"type-fest","0.20.2","-","-","-","-","-","-",false,false,false,false,false,"globals@13.17.0"
"type-fest","1.4.0","-","-","-","-","-","-",false,false,false,false,false,"crypto-random-string@4.0.0"
"type-fest","2.19.0","-","-","-","-","-","-",false,false,false,false,false,"boxen@7.0.0"
"typedarray-to-buffer","3.1.5","-","-","-","-","-","-",false,false,false,false,false,"write-file-atomic@3.0.3"
"typescript","4.8.4","-","-","-","-","-","-",false,true,false,false,false,"@typescript-eslint/eslint-plugin@5.39.0,@typescript-eslint/parser@5.39.0,@typescript-eslint/type-utils@5.39.0,@typescript-eslint/typescript-estree@5.39.0,@vue/eslint-config-typescript@11.0.2,ts-node@10.9.1,tsutils@3.21.0,typedoc@0.23.15,@cocoa-discord/turborepo@0.0.0,@typescript-eslint/eslint-plugin@5.39.0,@typescript-eslint/parser@5.39.0,@typescript-eslint/type-utils@5.39.0,@typescript-eslint/typescript-estree@5.39.0,@vue/eslint-config-typescript@11.0.2,ts-node@10.9.1,tsutils@3.21.0,typedoc@0.23.15"
"undici","5.11.0","-","-","-","-","-","-",false,false,false,false,false,"@discordjs/rest@1.2.0,discord.js@14.5.0"
"unique-filename","2.0.1","-","-","-","-","-","-",false,false,false,false,false,"cacache@16.1.3"
"unique-slug","3.0.0","-","-","-","-","-","-",false,false,false,false,false,"unique-filename@2.0.1"
"unique-string","3.0.0","-","-","-","-","-","-",false,false,false,false,false,"configstore@6.0.0"
"untildify","4.0.0","-","-","-","-","-","-",false,false,false,false,false,"npm-check-updates@16.3.8"
"update-browserslist-db","1.0.10","-","-","-","-","-","-",false,false,false,false,false,"browserslist@4.21.4"
"update-notifier","6.0.2","-","-","-","-","-","-",false,false,false,false,false,"npm-check-updates@16.3.8"
"uri-js","4.4.1","-","-","-","-","-","-",false,false,false,false,false,"ajv@6.12.6"
"util-deprecate","1.0.2","-","-","-","-","-","-",false,false,false,false,false,"postcss-selector-parser@6.0.10,readable-stream@3.6.0"
"v8-compile-cache-lib","3.0.1","-","-","-","-","-","-",false,false,false,false,false,"ts-node@10.9.1"
"v8-to-istanbul","9.0.1","-","-","-","-","-","-",false,false,false,false,false,"c8@7.12.0"
"validate-npm-package-license","3.0.4","-","-","-","-","-","-",false,false,false,false,false,"normalize-package-data@4.0.1"
"validate-npm-package-name","4.0.0","-","-","-","-","-","-",false,false,false,false,false,"npm-package-arg@9.1.2"
"vite","3.1.6","-","-","-","-","-","-",false,true,false,false,false,"@vitejs/plugin-vue-jsx@2.0.1,@vitejs/plugin-vue@3.1.2,vitepress@1.0.0-alpha.19,vitest@0.24.0,@cocoa-discord/turborepo@0.0.0,@vitejs/plugin-vue-jsx@2.0.1,@vitejs/plugin-vue@3.1.2"
"vitest","0.24.0","-","-","-","-","-","-",false,true,false,false,false,"@vitest/coverage-c8@0.24.0,@cocoa-discord/turborepo@0.0.0"
"vscode-oniguruma","1.6.2","-","-","-","-","-","-",false,false,false,false,false,"shiki@0.11.1"
"vscode-textmate","6.0.0","-","-","-","-","-","-",false,false,false,false,false,"shiki@0.11.1"
"vue-demi","0.13.11","-","-","-","-","-","-",false,false,false,false,false,"@vueuse/core@9.3.0,@vueuse/shared@9.3.0"
"vue-eslint-parser","9.1.0","-","-","-","-","-","-",false,false,false,false,false,"@vue/eslint-config-typescript@11.0.2,eslint-plugin-vue@9.6.0"
"vue","3.2.40","-","-","-","-","-","-",false,false,false,false,false,"@vitejs/plugin-vue-jsx@2.0.1,@vitejs/plugin-vue@3.1.2,@vue/server-renderer@3.2.40,vitepress@1.0.0-alpha.19,vue-demi@0.13.11,@vitejs/plugin-vue-jsx@2.0.1,@vitejs/plugin-vue@3.1.2,@vue/server-renderer@3.2.40,vue-demi@0.13.11"
"which","2.0.2","-","-","-","-","-","-",false,false,false,false,false,"@npmcli/git@3.0.2,@npmcli/run-script@4.2.1,cross-spawn@7.0.3,node-gyp@9.2.0"
"wide-align","1.1.5","-","-","-","-","-","-",false,false,false,false,false,"gauge@4.0.4"
"widest-line","4.0.1","-","-","-","-","-","-",false,false,false,false,false,"boxen@7.0.0"
"word-wrap","1.2.3","-","-","-","-","-","-",false,false,false,false,false,"optionator@0.9.1"
"wrap-ansi","7.0.0","-","-","-","-","-","-",false,false,false,false,false,"cliui@7.0.4"
"wrap-ansi","8.0.1","-","-","-","-","-","-",false,false,false,false,false,"boxen@7.0.0"
"wrappy","1.0.2","-","-","-","-","-","-",false,false,false,false,false,"inflight@1.0.6,once@1.4.0"
"write-file-atomic","3.0.3","-","-","-","-","-","-",false,false,false,false,false,"configstore@6.0.0"
"ws","8.9.0","-","-","-","-","-","-",false,false,false,false,false,"discord.js@14.5.0"
"xdg-basedir","5.1.0","-","-","-","-","-","-",false,false,false,false,false,"configstore@6.0.0,update-notifier@6.0.2"
"xml-name-validator","4.0.0","-","-","-","-","-","-",false,false,false,false,false,"eslint-plugin-vue@9.6.0"
"xtend","4.0.2","-","-","-","-","-","-",false,false,false,false,false,"acorn-node@1.8.2"
"y18n","5.0.8","-","-","-","-","-","-",false,false,false,false,false,"yargs@16.2.0"
"yallist","4.0.0","-","-","-","-","-","-",false,false,false,false,false,"lru-cache@6.0.0,minipass@3.3.4,minizlib@2.1.2,tar@6.1.11"
"yaml","1.10.2","-","-","-","-","-","-",false,false,false,false,false,"postcss-load-config@3.1.4"
"yaml","2.1.3","-","-","-","-","-","-",false,false,false,false,false,"npm-check-updates@16.3.8"
"yargs-parser","20.2.9","-","-","-","-","-","-",false,false,false,false,false,"c8@7.12.0,yargs@16.2.0"
"yargs","16.2.0","-","-","-","-","-","-",false,false,false,false,false,"c8@7.12.0"
"yn","3.1.1","-","-","-","-","-","-",false,false,false,false,false,"ts-node@10.9.1"
"yocto-queue","0.1.0","-","-","-","-","-","-",false,false,false,false,false,"p-limit@3.1.0"